<?xml version="1.0" encoding="UTF-8"?>
<beans xmlns="http://www.springframework.org/schema/beans"
    xmlns:xsi="http://www.w3.org/2001/XMLSchema-instance"
    xsi:schemaLocation="http://www.springframework.org/schema/beans
        https://www.springframework.org/schema/beans/spring-beans.xsd">
    
    <bean id="in" class="com.cognizant.springlearn.model.Country">  
        <property name="code" value="IN"/>
        <property name="name" value="India"/>
    </bean>
    
    <bean id="us" class="com.cognizant.springlearn.model.Country">  
        <property name="code" value="US"/>
        <property name="name" value="United States"/>
    </bean>
    
    <bean id="uk" class="com.cognizant.springlearn.model.Country">  
        <property name="code" value="UK"/>
        <property name="name" value="United Kingdom"/>
    </bean>
    
    <bean id="tl" class="com.cognizant.springlearn.model.Country">  
        <property name="code" value="TL"/>
        <property name="name" value="Thailand"/>
    </bean>
    
    <bean id="countrylist" class="java.util.ArrayList">  
        <constructor-arg>
        	<list>
        		<ref bean="in"></ref>
        		<ref bean="us"></ref>
        		<ref bean="uk"></ref>
        		<ref bean="tl"></ref>
        	</list>
        </constructor-arg>
    </bean>

</beans>